{
  "ogmoVersion": "3.3.0",
  "width": 640,
  "height": 480,
  "offsetX": 0,
  "offsetY": 0,
  "layers": [
    {
      "name": "entities",
      "_eid": "40110095",
      "offsetX": 0,
      "offsetY": 0,
      "gridCellWidth": 16,
      "gridCellHeight": 16,
      "gridCellsX": 40,
      "gridCellsY": 30,
      "entities": [
        {"name": "player", "id": 0, "_eid": "40117707", "x": 128, "y": 144, "originX": 0, "originY": 0},
        {"name": "coin", "id": 1, "_eid": "40304284", "x": 320, "y": 96, "originX": 0, "originY": 0},
        {"name": "coin", "id": 2, "_eid": "40304284", "x": 352, "y": 80, "originX": 0, "originY": 0},
        {"name": "coin", "id": 3, "_eid": "40304284", "x": 192, "y": 144, "originX": 0, "originY": 0},
        {"name": "coin", "id": 4, "_eid": "40304284", "x": 224, "y": 144, "originX": 0, "originY": 0},
        {"name": "coin", "id": 5, "_eid": "40304284", "x": 256, "y": 144, "originX": 0, "originY": 0},
        {"name": "coin", "id": 6, "_eid": "40304284", "x": 288, "y": 144, "originX": 0, "originY": 0},
        {"name": "coin", "id": 7, "_eid": "40304284", "x": 304, "y": 160, "originX": 0, "originY": 0},
        {"name": "coin", "id": 8, "_eid": "40304284", "x": 304, "y": 192, "originX": 0, "originY": 0},
        {"name": "coin", "id": 9, "_eid": "40304284", "x": 304, "y": 224, "originX": 0, "originY": 0},
        {"name": "coin", "id": 10, "_eid": "40304284", "x": 304, "y": 256, "originX": 0, "originY": 0},
        {"name": "coin", "id": 11, "_eid": "40304284", "x": 304, "y": 304, "originX": 0, "originY": 0},
        {"name": "coin", "id": 12, "_eid": "40304284", "x": 320, "y": 288, "originX": 0, "originY": 0},
        {"name": "coin", "id": 13, "_eid": "40304284", "x": 336, "y": 304, "originX": 0, "originY": 0},
        {"name": "coin", "id": 14, "_eid": "40304284", "x": 288, "y": 288, "originX": 0, "originY": 0},
        {"name": "coin", "id": 15, "_eid": "40304284", "x": 272, "y": 304, "originX": 0, "originY": 0},
        {"name": "coin", "id": 16, "_eid": "40304284", "x": 256, "y": 224, "originX": 0, "originY": 0},
        {"name": "coin", "id": 17, "_eid": "40304284", "x": 256, "y": 192, "originX": 0, "originY": 0},
        {"name": "coin", "id": 18, "_eid": "40304284", "x": 208, "y": 192, "originX": 0, "originY": 0},
        {"name": "coin", "id": 19, "_eid": "40304284", "x": 208, "y": 224, "originX": 0, "originY": 0},
        {"name": "enemy", "id": 20, "_eid": "40444291", "x": 304, "y": 112, "originX": 0, "originY": 0},
        {"name": "enemy", "id": 21, "_eid": "40444291", "x": 272, "y": 208, "originX": 0, "originY": 0},
        {"name": "boss", "id": 22, "_eid": "40444462", "x": 304, "y": 288, "originX": 0, "originY": 0}
      ]
    },
    {
      "name": "walls",
      "_eid": "40116503",
      "offsetX": 0,
      "offsetY": 0,
      "gridCellWidth": 16,
      "gridCellHeight": 16,
      "gridCellsX": 40,
      "gridCellsY": 30,
      "tileset": "tiles",
      "data": [-1, -1, -1, -1, -1, -1, -1, -1, -1, -1, -1, -1, -1, -1, -1, -1, -1, -1, -1, -1, -1, -1, -1, -1, -1, -1, -1, -1, -1, -1, -1, -1, -1, -1, -1, -1, -1, -1, -1, -1, -1, -1, -1, -1, -1, -1, -1, -1, -1, -1, -1, -1, -1, -1, -1, -1, -1, -1, -1, -1, -1, -1, -1, -1, -1, -1, -1, -1, -1, -1, -1, -1, -1, -1, -1, -1, -1, -1, -1, -1, -1, -1, -1, -1, -1, -1, -1, -1, -1, -1, -1, -1, -1, -1, -1, -1, -1, -1, -1, -1, -1, -1, -1, -1, -1, -1, -1, -1, -1, -1, -1, -1, -1, -1, -1, -1, -1, -1, -1, -1, -1, -1, -1, -1, -1, -1, -1, -1, -1, -1, -1, -1, -1, -1, -1, -1, -1, -1, 2, 2, 2, 2, 2, 2, 2, -1, -1, -1, -1, -1, -1, -1, -1, -1, -1, -1, -1, -1, -1, -1, -1, -1, -1, -1, -1, -1, -1, -1, -1, -1, -1, -1, -1, -1, -1, -1, -1, -1, 2, 1, 1, 1, 1, 1, 2, -1, -1, -1, -1, -1, -1, -1, -1, -1, -1, -1, -1, -1, -1, -1, -1, -1, -1, -1, -1, -1, -1, -1, -1, -1, -1, -1, -1, -1, -1, -1, -1, -1, 2, 1, 1, 1, 1, 1, 2, -1, -1, -1, -1, -1, -1, -1, -1, -1, -1, -1, -1, -1, -1, -1, -1, -1, -1, -1, -1, 2, 2, 2, 2, 2, 2, 2, -1, -1, -1, -1, -1, -1, 2, 1, 1, 1, 1, 1, 2, -1, -1, -1, -1, -1, -1, -1, -1, -1, -1, -1, -1, -1, -1, -1, -1, -1, -1, -1, -1, 2, 1, 1, 1, 1, 1, 2, -1, -1, -1, -1, -1, -1, 2, 1, 1, 1, 1, 1, 2, -1, -1, -1, -1, -1, -1, -1, -1, -1, -1, -1, -1, -1, -1, -1, -1, -1, -1, -1, -1, 2, 1, 1, 1, 1, 1, 2, 2, 2, 2, 2, 2, 2, 2, 1, 2, 2, 2, 2, 2, -1, -1, -1, -1, -1, -1, -1, -1, -1, -1, -1, -1, -1, -1, -1, -1, -1, -1, -1, -1, 2, 1, 1, 1, 1, 1, 1, 1, 1, 1, 1, 1, 1, 1, 1, 2, -1, -1, -1, -1, -1, -1, -1, -1, -1, -1, -1, -1, -1, -1, -1, -1, -1, -1, -1, -1, -1, -1, -1, -1, 2, 1, 1, 1, 1, 1, 2, 2, 2, 2, 2, 2, 2, 2, 1, 2, -1, -1, -1, -1, -1, -1, -1, -1, -1, -1, -1, -1, -1, -1, -1, -1, -1, -1, -1, -1, -1, -1, -1, -1, 2, 1, 1, 1, 1, 1, 2, 1, 1, 1, 1, 1, 1, 2, 1, 2, -1, -1, -1, -1, -1, -1, -1, -1, -1, -1, -1, -1, -1, -1, -1, -1, -1, -1, -1, -1, -1, -1, -1, -1, 2, 1, 1, 1, 1, 1, 2, 1, 1, 1, 1, 1, 1, 2, 1, 2, -1, -1, -1, -1, -1, -1, -1, -1, -1, -1, -1, -1, -1, -1, -1, -1, -1, -1, -1, -1, -1, -1, -1, -1, 2, 2, 2, 2, 2, 2, 2, 1, 1, 1, 1, 1, 1, 1, 1, 2, -1, -1, -1, -1, -1, -1, -1, -1, -1, -1, -1, -1, -1, -1, -1, -1, -1, -1, -1, -1, -1, -1, -1, -1, -1, -1, -1, -1, -1, -1, 2, 1, 1, 1, 1, 1, 1, 1, 1, 2, -1, -1, -1, -1, -1, -1, -1, -1, -1, -1, -1, -1, -1, -1, -1, -1, -1, -1, -1, -1, -1, -1, -1, -1, -1, -1, -1, -1, -1, -1, 2, 1, 1, 1, 1, 1, 1, 2, 1, 2, -1, -1, -1, -1, -1, -1, -1, -1, -1, -1, -1, -1, -1, -1, -1, -1, -1, -1, -1, -1, -1, -1, -1, -1, -1, -1, -1, -1, -1, 0, 2, 2, 2, 2, 2, 2, 2, 2, 1, 2, 2, 2, 2, -1, -1, -1, -1, -1, -1, -1, -1, -1, -1, -1, -1, -1, -1, -1, -1, -1, -1, -1, -1, -1, -1, -1, -1, -1, -1, -1, -1, -1, -1, -1, 2, 1, 1, 1, 1, 1, 1, 1, 2, -1, -1, -1, -1, -1, -1, -1, -1, -1, -1, -1, -1, -1, -1, -1, -1, -1, -1, -1, -1, -1, -1, -1, -1, -1, -1, -1, -1, -1, -1, -1, 2, 1, 1, 1, 1, 1, 1, 1, 2, -1, -1, -1, -1, -1, -1, -1, -1, -1, -1, -1, -1, -1, -1, -1, -1, -1, -1, -1, -1, -1, -1, -1, -1, -1, -1, -1, -1, -1, -1, -1, 2, 1, 1, 1, 1, 1, 1, 1, 2, -1, -1, -1, -1, -1, -1, -1, -1, -1, -1, -1, -1, -1, -1, -1, -1, -1, -1, -1, -1, -1, -1, -1, -1, -1, -1, -1, -1, -1, -1, -1, 2, 1, 1, 1, 1, 1, 1, 1, 2, -1, -1, -1, -1, -1, -1, -1, -1, -1, -1, -1, -1, -1, -1, -1, -1, -1, -1, -1, -1, -1, -1, -1, -1, -1, -1, -1, -1, -1, -1, -1, 2, 2, 2, 2, 2, 2, 2, 2, 2, -1, -1, -1, -1, -1, -1, -1, -1, -1, -1, -1, -1, -1, -1, -1, -1, -1, -1, -1, -1, -1, -1, -1, -1, -1, -1, -1, -1, -1, -1, -1, -1, -1, -1, -1, -1, -1, -1, -1, -1, -1, -1, -1, -1, -1, -1, -1, -1, -1, -1, -1, -1, -1, -1, -1, -1, -1, -1, -1, -1, -1, -1, -1, -1, -1, -1, -1, -1, -1, -1, -1, -1, -1, -1, -1, -1, -1, -1, -1, -1, -1, -1, -1, -1, -1, -1, -1, -1, -1, -1, -1, -1, -1, -1, -1, -1, -1, -1, -1, -1, -1, -1, -1, -1, -1, -1, -1, -1, -1, -1, -1, -1, -1, -1, -1, -1, -1, -1, -1, -1, -1, -1, -1, -1, -1, -1, -1, -1, -1, -1, -1, -1, -1, -1, -1, -1, -1, -1, -1, -1, -1, -1, -1, -1, -1, -1, -1, -1, -1, -1, -1, -1, -1, -1, -1, -1, -1, -1, -1, -1, -1, -1, -1, -1, -1, -1, -1, -1, -1, -1, -1, -1, -1, -1, -1, -1, -1, -1, -1, -1, -1, -1, -1, -1, -1, -1, -1, -1, -1, -1, -1, -1, -1, -1, -1, -1, -1, -1, -1, -1, -1, -1, -1, -1, -1, -1, -1, -1, -1, -1, -1, -1, -1, -1, -1, -1, -1, -1, -1, -1, -1, -1, -1, -1, -1, -1, -1, -1, -1, -1, -1, -1, -1, -1, -1, -1, -1, -1, -1, -1, -1, -1, -1, -1, -1, -1, -1, -1, -1, -1, -1, -1, -1, -1, -1, -1, -1, -1, -1, -1, -1, -1, -1, -1, -1, -1, -1, -1, -1, -1, -1, -1, -1, -1, -1, -1, -1, -1, -1, -1, -1, -1, -1, -1, -1, -1, -1, -1, -1, -1, -1, -1, -1, -1, -1, -1, -1, -1, -1, -1, -1, -1, -1, -1, -1, -1, -1, -1, -1, -1, -1, -1, -1, -1, -1, -1, -1, -1, -1, -1, -1, -1, -1, -1, -1, -1, -1, -1, -1, -1, -1, -1, -1, -1, -1, -1],
      "exportMode": 0,
      "arrayMode": 0
    }
  ]
}